City,Cuisines
Abu Dhabi,"American, Italian, Pizza, Turkish, Arabian, Middle Eastern, Fast Food, Burger, Asian, Thai, Japanese, Chinese, Indonesian, Vietnamese, Indian, North Indian, Mughlai, Biryani, South Indian, Filipino, Mexican, Seafood, Pakistani, Afghani, Hyderabadi, Lebanese, Desserts"
Agra,"North Indian, Mughlai, Rajasthani, Chinese, European, Gujarati, Continental, South Indian, Desserts, Cafe, Italian, Mexican, Pizza, Fast Food"
Ahmedabad,"Chinese, Italian, North Indian, Mexican, Mediterranean, Thai, Continental, Ice Cream, Desserts, Pizza, Beverages, Cafe, South Indian, Asian, Fast Food, Street Food, Sandwich, Burger, Healthy Food, American, Armenian"
Albany,"BBQ, Burger, Seafood, American, Steak,American,Bar Food, Mexican, Coffee and Tea, Sandwich, Fast Food, Asian, Chinese, Vegetarian, Pizza, Bar Food, Steak, Tapas, Japanese, Sushi, Italian, Breakfast, Diner"
Allahabad,"North Indian, South Indian, Fast Food, Cafe, Street Food, Chinese, American, Mughlai, Italian, Pizza, Salad, Healthy Food, Continental, Desserts"
Amritsar,"North Indian, Chinese, Beverages, Mughlai, Street Food, Cafe, Bakery, Fast Food, Italian, South Indian, Mithai"
Ankara,"Cafe, Kebab, Turkish Pizza, Desserts, Patisserie, Coffee and Tea, Izgara, World Cuisine, Mexican, Italian, Steak, D�_ner, Pizza"
Armidale,"Bar Food, Steak"
Athens,"American, Southern, Southwestern, Mexican, Japanese, Korean, Breakfast, Burger, Sandwich, Italian, Pizza, International, Vegetarian, Asian, Sushi, Spanish, Bar Food, Desserts, Latin American, Argentine"
Auckland,"Thai, Ice Cream, Desserts, American, Seafood, Kiwi, Cafe, Asian Fusion, European, Taiwanese, Street Food, Chinese, Pub Food, Fusion, Asian, Filipino, Malaysian, Sushi, Italian"
Augusta,"Chinese, Steak, American, Caribbean, Seafood, International, Tapas, Vegetarian, Desserts, Sandwich, Southern, Burger, Breakfast, French, BBQ, Italian, Pizza, Mexican, Bar Food, Southwestern, Sushi, Indian, German, Vietnamese, Thai"
Aurangabad,"North Indian, Chinese, Continental, Italian, Pizza, South Indian, Fast Food, Mexican, Biryani, Juices, Desserts, Mughlai, Maharashtrian, Cafe, Hyderabadi"
Balingup,Modern Australian
Bandung,"Cafe, Coffee and Tea, Western"
Bangalore,"North Indian, Mughlai, Asian, Italian, American, Pizza, European, Continental, Modern Indian, Bakery, Desserts, Cafe, Chinese, Burger, Mediterranean, Street Food, Finger Food, Thai, South Indian"
Beechworth,"Pizza, Bar Food"
Bhopal,"Cafe, Chinese, North Indian, Fast Food, Pizza, Bakery, South Indian, Italian, Mexican, Tex-Mex, Street Food"
Bhubaneshwar,"Cafe, Chinese, Mediterranean, Asian, Continental, North Indian, Arabian, Charcoal Grill, Steak, Fast Food, European, Italian, Mexican, Bakery, Beverages, Mughlai, Seafood, Rajasthani, Tea"
Birmingham,"Fast Food, Cafe, British, Steak, Thai, Burger, American, Italian, Latin American, Contemporary, Turkish, Indian, Greek, Mediterranean, Middle Eastern, Pakistani, Ice Cream, Desserts, South Indian, Mexican"
Bogor,"Cafe, Desserts, Beverages, Peranakan, Indonesian"
Boise,"American, Bar Food, Italian, Pizza, Breakfast, Sandwich, Seafood, Steak, European, Spanish, Latin American, Burger, Mexican, Vegetarian, Sushi, Thai, Japanese, Teriyaki, Brazilian, BBQ"
Bras�_lia,"Fast Food, French, Cafe, Bakery, Brazilian, Pizza, Japanese, Arabian, Italian, Bar Food, Mexican, Grill, International, Peruvian, Latin American, American, Seafood, Burger"
Cape Town,"Pizza, Grill, Cafe, Patisserie, Spanish, Tapas, Bakery, Japanese, Sushi, Asian, Tea, Vegetarian, Mediterranean, Burger, American, Seafood, Fast Food, Desserts, Ice Cream, African"
Cedar Rapids/Iowa City,"American, Mediterranean, Seafood, Italian, Pizza, Mexican, Breakfast, Burger, BBQ, Indian, Chinese, Sushi, Thai, Diner, International, Tapas, Vegetarian, Sandwich"
Chandigarh,"North Indian, Chinese, Continental, Pizza, American, Cafe, Mexican, Italian, Japanese, Thai, Malaysian, Burmese, Asian, Finger Food, Tex-Mex, Burger, Bakery, Desserts, Fast Food, Beverages, Mughlai"
Chatham-Kent,"Japanese, Sushi"
Chennai,"European, Italian, Desserts, North Indian, Chinese, Arabian, Continental, Cafe, Mughlai, South Indian, Mexican, American, Tex-Mex, Burger, Thai, Chettinad, Biryani, Spanish, Greek, Mediterranean, Asian"
Clatskanie,"American, Breakfast, Desserts"
Cochrane,"Asian, Japanese"
Coimbatore,"Cafe, Continental, Fast Food, South Indian, Chettinad, North Indian, Pizza, Chinese, Desserts, Indian, Biryani, Thai, Malaysian, Parsi, Italian, Mexican, Bakery, Street Food, Ice Cream, European, Mediterranean"
Colombo,"Chinese, North Indian, Sri Lankan, Italian, Cafe, Desserts, Continental, American, Malaysian, Steak, Juices, Fast Food, Beverages, Middle Eastern, Arabian, Bakery, Ice Cream, Seafood"
Columbus,"Asian, Vietnamese, American, Seafood, Cajun, Burger, Bar Food, Southern, Pizza, Japanese, Steak, Breakfast, Diner, Sushi, Thai, Vegetarian, Chinese, BBQ, Italian, Tapas, Mediterranean"
Consort,"Chinese, Canadian"
Dalton,"American, BBQ, Southern, Desserts, Sandwich, Mexican, Tex-Mex, Breakfast, Japanese, Sushi, Italian, Burger, Fast Food, Thai, Diner, Pizza"
Davenport,"Indian, Mediterranean, Middle Eastern, Sushi, Teriyaki, Burger, Pizza, American, Breakfast, Greek, Italian, Asian, Fast Food, French, Bar Food, BBQ, Mexican, Chinese, Thai, Japanese, Steak"
Dehradun,"North Indian, Chinese, South Indian, Desserts, Fast Food, Street Food, Continental, Thai, Tibetan, Mughlai, Cafe, Bakery, Burger, Mediterranean, Asian, Mexican"
Des Moines,"BBQ, Burger, Desserts, American, Coffee and Tea, Caribbean, Cajun, Asian, Sushi, Thai, Chinese, Latin American, Mexican, Italian, Pizza, Vegetarian, Vietnamese, Bubble Tea, Bar Food, French, Japanese, Breakfast, Southwestern, Seafood"
Dicky Beach,"Coffee and Tea, Tea, Modern Australian"
Doha,"Indian, Street Food, Kerala, Chinese, Bakery, Pakistani, North Indian, Turkish, American, Tex-Mex, Steak, Seafood, International, European, Arabian, Japanese, Desserts, Thai, Italian"
Dubai,"Mediterranean, Italian, Thai, European, Indian, Rajasthani, North Indian, International, Continental, American, Burger, Cafe, Fast Food, Asian, Chinese, Street Food, Seafood, Desserts, Mexican, Goan"
Dubuque,"Breakfast, Seafood, Mexican, American, BBQ, Italian, Burger, Sandwich, Desserts, Pizza, Ice Cream, Japanese, Steak, Sushi, International, Cafe"
East Ballina,Cafe
Edinburgh,"Cafe, Bakery, Italian, Desserts, Scottish, British, French, Mexican, Thai, American, Burger, Grill, Indian, Sushi, Japanese, Cantonese, Pizza, Seafood, Asian, Street Food, Steak"
Faridabad,"Chinese, Fast Food, Bakery, North Indian, Mithai, Mughlai, Cafe, Raw Meats, Burger, South Indian, Gujarati, Rajasthani, Thai, Desserts, American, Salad, Healthy Food, Ice Cream, Continental, Beverages, Italian, Pizza, Street Food, Mexican, Juices, Asian, Seafood, Biryani, Mediterranean, Finger Food"
Fernley,Mexican
Flaxton,"Tea, Modern Australian"
Forrest,"Cafe, Australian"
Gainesville,"American, Sandwich, Seafood, BBQ, Burger, Cajun, Vegetarian, Chinese, Japanese, Thai, Bar Food, Southern, European, German, Ice Cream, Italian, Pizza"
Ghaziabad,"North Indian, Bakery, Fast Food, Cafe, Desserts, Ice Cream, Chinese, Burger, Continental, Pizza, South Indian, Mughlai, Street Food, Mithai"
Goa,"Italian, French, Cafe, Fast Food, Finger Food, Continental, North Indian, Seafood, Goan, Chinese, European, German"
Gurgaon,"Cafe, Beverages, North Indian, Mughlai, South Indian, Seafood, Kerala, Bakery, Ice Cream, Chinese, Fast Food, Japanese, Thai, Pizza, Desserts, Raw Meats, Mithai, Street Food, Continental, Biryani, Italian, Lebanese, American, Salad, Healthy Food, Tea, Asian, Finger Food, Belgian, Kashmiri, Sushi, Mediterranean, European, South American, Mexican, Burmese, Persian, Arabian, Burger, Steak, Bengali, Modern Indian, Portuguese, African, Parsi, Iranian, Juices, Malaysian, Vietnamese, Greek, Lucknowi, Tibetan, Korean, Awadhi, Hyderabadi, Nepalese, Drinks Only, Pakistani, Gujarati, Rajasthani, Tex-Mex, North Eastern, Oriya, Chettinad, Bihari, Afghani, Middle Eastern, Indonesian, Goan, Charcoal Grill, Assamese"
Guwahati,"Cafe, Italian, North Indian, Continental, Chinese, European, Thai, Japanese, Asian, American, Juices, Desserts, Salad, Tibetan, Fast Food, Charcoal Grill, Mexican, Arabian"
Hepburn Springs,"Cafe, Coffee and Tea, Modern Australian, Italian, Fusion"
Huskisson,"Breakfast, Modern Australian"
Hyderabad,"Mughlai, North Indian, Chinese, European, Mediterranean, Mexican, American, Tex-Mex, Burger, Seafood, Continental, Goan, Asian, Andhra, South Indian, Japanese, Italian, Bakery, Desserts, Chettinad, Bengali, Cafe, Hyderabadi, Awadhi"
Indore,"North Indian, Chinese, Continental, Mediterranean, Asian, South Indian, Italian, Cafe, Fast Food, Mexican, Greek, Lebanese, Mughlai, Bakery, Seafood, Street Food"
Inner City,"European, Contemporary, Tapas"
Inverloch,"Burger, Coffee and Tea, Modern Australian"
Jaipur,"Cafe, Fast Food, Street Food, North Indian, European, Continental, Finger Food, Italian, Chinese, Mexican, Thai, Bakery, Lebanese, Rajasthani, Modern Indian, Asian, Japanese, Beverages, Desserts"
Jakarta,"Sunda, Indonesian, Cafe, Italian, Coffee and Tea, Western, Korean, Desserts, Bakery, Continental, Asian, Japanese, Sushi, Ramen, Burger, Seafood, French"
Johannesburg,"Asian, Sushi, Tapas, European, Pizza, Burger, Finger Food, American, Continental, South African, Beverages, Desserts, Seafood, Grill, Ice Cream, International"
Kanpur,"Chinese, Fast Food, North Indian, Continental, Asian, Finger Food, Italian, Mediterranean, Cafe, Indian, Bakery, Desserts, Ice Cream, Beverages, Mexican, Mughlai, Lebanese, Arabian"
Kochi,"Seafood, Kerala, European, Cafe, North Indian, Chinese, Continental, Mediterranean, American, Fast Food, Biryani, Thai, South Indian, Italian, Bakery, Desserts"
Kolkata,"Asian, Chinese, Italian, Mexican, American, Mediterranean, Continental, Middle Eastern, Cafe, North Indian, Desserts, Bengali, Street Food, Tex-Mex, Seafood, Biryani, Mughlai, European"
Lakes Entrance,"Breakfast, Coffee and Tea"
Lakeview,"Burger, Desserts, Sandwich"
Lincoln,Thai
London,"Indian, Pakistani, Curry, Italian, Steak, British, Cafe, Chinese, Dim Sum, Japanese, Sushi, French, Contemporary, American, Burger, Taiwanese, Street Food, North Indian, Ramen"
Lorn,"Breakfast, Coffee and Tea"
Lucknow,"Mughlai, Lucknowi, Desserts, Ice Cream, Cafe, Italian, Continental, Chinese, Fast Food, North Indian, Asian, European, Mediterranean, American, Lebanese, Thai, Bakery, South Indian"
Ludhiana,"North Indian, Chinese, Fast Food, Continental, South Indian, Italian, Cafe, Mughlai, Mexican, Lebanese, Mediterranean, Pizza, Portuguese, African, Bakery, Desserts, European"
Macedon,Cafe
Macon,"Coffee and Tea, Cuban, Latin American, Pizza, Sandwich, Seafood, Chinese, Thai, Burger, Desserts, Bar Food, American, Steak, Greek, European, Italian, Mediterranean, Vegetarian, Sushi, Japanese, Mexican, BBQ"
Makati City,"French, Japanese, Desserts"
Manchester,"American, Fast Food, Desserts, Steak, Pizza, British, Seafood, Grill, Pakistani, Indian, Afghani, Curry, Italian, Thai, Burger, Cafe, Contemporary, Argentine, European, Mediterranean, French"
Mandaluyong City,"Seafood, Asian, Filipino, Indian, Japanese, Sushi, Korean, Chinese"
Mangalore,"Cafe, Desserts, Bakery, American, Italian, Chinese, Mangalorean, Continental, Finger Food, North Indian, South Indian, Seafood, Mughlai, Pizza"
Mayfield,Asian
Mc Millan,"Breakfast, Burger"
Middleton Beach,"Bar Food, Modern Australian"
Mohali,"Continental, North Indian"
Monroe,"Italian, Pizza"
Montville,"Coffee and Tea, Modern Australian"
Mumbai,"Pizza, Asian, Healthy Food, American, Burger, Salad, North Indian, Italian, Chinese, Mexican, Fast Food, Beverages, Desserts, Cafe, Tea, Continental, Bakery, Finger Food, Modern Indian, Japanese, British, South Indian, Mughlai, Thai, Street Food, European"
Mysore,"Andhra, North Indian, Chinese, Italian, South Indian, Mughlai, Continental, European, Mediterranean, Pizza, Cafe, Beverages, Thai, Asian, Finger Food"
Nagpur,"Fast Food, Cafe, Continental, Tea, North Indian, Chinese, Mughlai, Italian, Thai, European, Mediterranean, American, Seafood"
Nashik,"Maharashtrian, North Indian, Cafe, Desserts, European, Mediterranean, Asian, Chinese, Fast Food, Mughlai, Italian, Malwani, Seafood, Continental"
New Delhi,"Cuisine Varies, Fast Food, North Indian, Seafood, Continental, South Indian, Chinese, Mughlai, Pizza, Mediterranean, Italian, Goan, Andhra, Kerala, Thai, Parsi, Finger Food, Street Food, Cafe, Mithai, Bakery, Raw Meats, Beverages, Desserts, Ice Cream, Biryani, Bengali, Turkish, Burger, Asian, American, Japanese, Malaysian, Vietnamese, Hyderabadi, Healthy Food, European, Korean, Indonesian, Lebanese, Arabian, Moroccan, Kashmiri, Chettinad, Gujarati, Assamese, North Eastern, Tex-Mex, Lucknowi, Indian, Mexican, Juices, Tea, Portuguese, African, Rajasthani, Salad, Middle Eastern, Modern Indian, Afghani, French, Sushi, Oriya, Bihari, Maharashtrian, Naga, Tibetan, Awadhi, British, Burmese, Nepalese, Spanish, Drinks Only, Iranian, Deli, Sandwich, Armenian, Mangalorean, South American, Pakistani, Sri Lankan"
Noida,"Cafe, Chinese, North Indian, Continental, Italian, Fast Food, Street Food, Bakery, South Indian, Asian, Mithai, Desserts, Lebanese, American, Tex-Mex, Mexican, Mughlai, European, Mediterranean, Tibetan, Thai, Sushi, Burger, Tea, Japanese, Korean, Seafood, Pizza, Beverages, Ice Cream, Middle Eastern, Arabian, Parsi, Iranian, Raw Meats, Spanish, Biryani, Lucknowi, Finger Food, Salad, Healthy Food, Hyderabadi, Juices, Bengali, Indian, Chettinad, Kashmiri, Rajasthani, Awadhi"
Ojo Caliente,"American, International, Southwestern"
Orlando,"Spanish, Tapas, Hawaiian, American, Sandwich, Salad, Irish, New American, Brazilian, Steak, Caribbean, Italian, Asian, Thai, Latin American, Vegetarian, German, Tea, BBQ, Cajun, Southern, Soul Food, Mediterranean, Turkish, Breakfast, Pub Food"
Palm Cove,"Mediterranean, Seafood"
Panchkula,"North Indian, Middle Eastern, Pizza"
Pasay City,"Asian, European, Seafood, Filipino, Indian"
Pasig City,"Filipino, Mexican, American, Ice Cream, Desserts"
Patna,"American, Chinese, North Indian, Italian, South Indian, Fast Food, Continental, Cafe, Pizza, Bakery, Mughlai, Biryani, Finger Food"
Paynesville,Modern Australian
Penola,"Cafe, Coffee and Tea, Sandwich"
Pensacola,"Mexican, Southwestern, Tex-Mex, Burger, Bar Food, Steak, Italian, Pizza, Sandwich, Asian, Vietnamese, Seafood, Tapas, Latin American, Sushi, European, International, Japanese, American, Mediterranean, Caribbean, Breakfast, Greek, Cajun"
Phillip Island,"Breakfast, Coffee and Tea, Modern Australian"
Pocatello,"Burger, Fast Food, American, BBQ, Steak, Asian, Thai, Pizza, Bar Food, Italian, Sandwich, Breakfast, Chinese, Coffee and Tea, Greek, Seafood, Mexican, Sushi, Vegetarian, Indian, International, Desserts, New American, Persian"
Potrero,"American, BBQ, Burger"
Pretoria,"African, Burger, Steak, Seafood, Indian, Cafe, Tapas, South African, European, Grill, Healthy Food, Beverages, Belgian, Contemporary, Desserts, Finger Food, International, Mexican, American, Street Food, German, Asian, Durban, Continental, Italian, Pizza, Bakery, Deli, Sushi, Mediterranean, Spanish, French"
Princeton,Seafood
Puducherry,"Bakery, Pizza, Italian, Desserts, Beverages, Juices, French, Continental, North Indian, Cafe, Chinese, Thai, Malaysian, Vietnamese, Korean, Indonesian, Asian, Seafood, South Indian, Finger Food, Goan, Mangalorean"
Pune,"North Indian, Asian, Continental, Finger Food, Mughlai, Burmese, European, Desserts, Modern Indian, North Eastern, Italian, Spanish, Greek, Charcoal Grill, Indonesian, Thai, Cafe, Mediterranean, German, Mexican, American, Tex-Mex, Chinese"
Quezon City,"Filipino, Mexican"
Ranchi,"North Indian, Chinese, Continental, European, Italian, Fast Food, South Indian, Street Food, Cafe, Mexican, Pizza"
Randburg,Cafe
Rest of Hawaii,"Seafood, American, Pizza, Bar Food, Hawaiian, Burger, Japanese, Sushi, Asian, Breakfast, Steak, European"
Rio de Janeiro,"Seafood, Bar Food, Brazilian, Desserts, Cafe, Juices, Healthy Food, Beverages, Fast Food, Lebanese, Burger, Pizza, Italian, Japanese, Bakery, Sandwich"
San Juan City,"Filipino, Korean"
Sandton,"Contemporary, Italian, Burger, European, Pizza, Beverages, Desserts, Grill, Seafood, Mexican, Steak, Sushi, Tapas, South African, Mediterranean"
Santa Rosa,"Cafe, American, Italian, Filipino, Pizza"
Savannah,"Southern, Burger, Desserts, Sandwich, Ice Cream, American, International, Mediterranean, Bar Food, Seafood, Steak, Breakfast, Vegetarian, Cajun, Diner, Coffee and Tea, Pizza, Cafe"
Secunderabad,"North Indian, Chinese, Cafe, Continental"
Sharjah,"Indian, North Indian, South Indian, Chinese, Mughlai, Biryani, Lebanese, Fast Food, American, Pakistani, Afghani, Pizza, Bakery, Arabian, Middle Eastern, African, Portuguese, Thai, Mexican, Burger, Cafe, Desserts"
Singapore,"Chinese, Continental, Singaporean, American, Steak, French, Mediterranean, European, Bakery, Italian, Cafe, Japanese, Seafood, Malay, Indian, Asian, Cantonese, Dim Sum, Australian, German, Western, Fusion, Fast Food, Mexican, Burger, Finger Food, Spanish, Turkish, Greek"
Sioux City,"Burger, Seafood, Steak, American, Pizza, Bar Food, Asian, Vegetarian, Vietnamese, BBQ, Japanese, Sushi, Chinese, Desserts, Diner, Fast Food, Mexican, Caribbean, Cajun, Thai, Italian"
Surat,"Chinese, North Indian, Italian, Mexican, Thai, Asian, South Indian, Cafe, Continental, Lebanese, Desserts, Mediterranean, Gujarati, Pizza, Modern Indian, Ice Cream"
S��o Paulo,"Italian, Pizza, Steak, BBQ, Indian, Brazilian, Beverages, International, French, Grill, Sushi, Japanese, Gourmet Fast Food, Burger, Mineira, North Eastern, Bar Food, Lebanese, Arabian"
Tagaytay City,Filipino
Taguig City,"Cafe, Korean, Desserts, Bakery, American, Italian, Seafood, Mediterranean, Japanese, Asian"
Tampa Bay,"BBQ, Caribbean, Seafood, Latin American, Mexican, Southwestern, American, Italian, Spanish, Tapas, British, Bar Food, Sandwich, Desserts, Steak, Breakfast, International, Burger, Deli, European, German, Southern, Vegetarian, Cuban"
Tangerang,"Indonesian, Sunda"
Tanunda,"Modern Australian, Australian"
Trentham East,Australian
Vadodara,"South Indian, North Indian, Chinese, Cafe, Mexican, Italian, Fast Food, Mughlai, Continental, Asian, Thai, Gujarati, Mediterranean, Pizza"
Valdosta,"Bar Food, Mexican, Seafood, Southern, Burger, Steak, Asian, Chinese, Thai, Pizza, Sandwich, Vegetarian, Fast Food, American, Greek, Italian, Japanese, Sushi, Indian, Middle Eastern, BBQ"
Varanasi,"Cafe, Pizza, Chinese, North Indian, Beverages, South Indian, Street Food, Fast Food, Mughlai, Continental, Japanese, American"
Vernonia,"Coffee and Tea, Mediterranean"
Victor Harbor,"Coffee and Tea, Tapas, Australian"
Vineland Station,"Italian, Mediterranean, Pizza"
Vizag,"Pizza, Fast Food, South Indian, North Indian, Chinese, Thai, Burmese, Vietnamese, Tibetan, Japanese, Continental, Biryani, Mediterranean, Cafe, American, Andhra, Seafood, Mughlai, BBQ, Cajun, Italian, Burger"
Waterloo,"Indian, Middle Eastern, Italian, Pizza, Vegetarian, Desserts, Chinese, Asian, American, Breakfast, Seafood, Burger, Sandwich, Japanese, Sushi, Coffee and Tea, Beverages, Tapas, BBQ, Steak, Mexican, Bar Food, Thai"
Weirton,"Burger, Greek, Sandwich"
Wellington City,"Cafe, Kiwi, American, Fast Food, Italian, Asian, Ice Cream, Desserts, European, Mexican, Vietnamese, Fish and Chips, French, Malaysian, Mediterranean, Japanese, Seafood"
Winchester Bay,"Burger, Seafood, Steak"
Yorkton,Asian
��stanbul,"Desserts, Cafe, Restaurant Cafe, Bar Food, Turkish, B�_rek, Burger, Izgara, World Cuisine, Patisserie, Italian"
